business_id,name,address,city,state,postal_code,latitude,longitude,stars,review_count,is_open,attributes,categories,hours
IDtLPgUrqorrpqSLdfMhZQ,Helena Avenue Bakery,"131 Anacapa St, Ste C",Santa Barbara,CA,93101,34.4144445,-119.6906718,4,389,1,"{'RestaurantsTakeOut': 'True', 'NoiseLevel': ""u'average'"", 'Caters': 'True', 'Ambience': ""{'touristy': False, 'hipster': True, 'romantic': False, 'divey': False, 'intimate': False, 'trendy': True, 'upscale': False, 'classy': False, 'casual': True}"", 'RestaurantsReservations': 'False', 'BusinessAcceptsCreditCards': 'True', 'RestaurantsTableService': 'False', 'GoodForKids': 'True', 'RestaurantsPriceRange2': '2', 'WheelchairAccessible': 'True', 'OutdoorSeating': 'True', 'RestaurantsDelivery': 'None', 'HasTV': 'False', 'RestaurantsAttire': ""'casual'"", 'Alcohol': ""u'none'"", 'GoodForMeal': ""{'dessert': False, 'latenight': False, 'lunch': True, 'dinner': False, 'brunch': True, 'breakfast': True}"", 'DogsAllowed': 'True', 'RestaurantsGoodForGroups': 'True', 'HappyHour': 'False', 'BusinessParking': ""{'garage': False, 'street': True, 'validated': False, 'lot': False, 'valet': False}"", 'BikeParking': 'True', 'WiFi': ""u'no'""}","Food, Restaurants, Salad, Coffee & Tea, Breakfast & Brunch, Sandwiches, Bakeries","{'Monday': '0:0-0:0', 'Tuesday': '8:0-14:0', 'Wednesday': '8:0-14:0', 'Thursday': '8:0-14:0', 'Friday': '8:0-14:0', 'Saturday': '8:0-14:0', 'Sunday': '8:0-14:0'}"
bjhCtlYHrkgA5Ku8l-rB3g,Our Daily Bread,2700 De La Vina St,Santa Barbara,CA,93105,34.435812,-119.725001,3.5,106,0,"{'BikeParking': 'True', 'Caters': 'True', 'Alcohol': ""'none'"", 'BusinessParking': ""{'garage': False, 'street': True, 'validated': False, 'lot': True, 'valet': False}"", 'RestaurantsGoodForGroups': 'False', 'RestaurantsPriceRange2': '2', 'RestaurantsTableService': 'False', 'Ambience': ""{'romantic': False, 'intimate': False, 'classy': False, 'hipster': False, 'divey': False, 'touristy': False, 'trendy': False, 'upscale': False, 'casual': True}"", 'RestaurantsDelivery': 'False', 'GoodForKids': 'True', 'RestaurantsReservations': 'True', 'RestaurantsTakeOut': 'True', 'HasTV': 'False', 'BusinessAcceptsCreditCards': 'True', 'NoiseLevel': ""u'average'"", 'OutdoorSeating': 'True', 'GoodForMeal': ""{'dessert': False, 'latenight': False, 'lunch': True, 'dinner': False, 'brunch': True, 'breakfast': True}"", 'RestaurantsAttire': ""u'casual'"", 'WiFi': ""'free'""}","Restaurants, Cafes, Breakfast & Brunch, Bakeries, Food","{'Monday': '0:0-0:0', 'Tuesday': '6:30-15:30', 'Wednesday': '6:30-15:30', 'Thursday': '6:30-15:30', 'Friday': '6:30-15:30', 'Saturday': '6:30-15:30', 'Sunday': '6:30-16:0'}"
O6RCCmz8-x4NhWJpI8KQug,Breakfast Culture Club,711 Chapala St,Santa Barbara,CA,93101,34.4177795287,-119.6998998701,4,108,0,"{'ByAppointmentOnly': 'False', 'Caters': 'False', 'RestaurantsGoodForGroups': 'True', 'BusinessParking': ""{'garage': False, 'street': True, 'validated': False, 'lot': True, 'valet': False}"", 'RestaurantsTableService': 'False', 'Alcohol': ""u'none'"", 'BikeParking': 'True', 'WheelchairAccessible': 'True', 'DogsAllowed': 'True', 'GoodForMeal': ""{'dessert': False, 'latenight': False, 'lunch': False, 'dinner': False, 'brunch': False, 'breakfast': True}"", 'GoodForKids': 'True', 'HasTV': 'False', 'RestaurantsReservations': 'False', 'RestaurantsDelivery': 'False', 'WiFi': ""u'free'"", 'BusinessAcceptsBitcoin': 'False', 'BusinessAcceptsCreditCards': 'True', 'RestaurantsAttire': ""'casual'"", 'RestaurantsTakeOut': 'True', 'NoiseLevel': ""u'average'"", 'RestaurantsPriceRange2': '2', 'Ambience': ""{'touristy': False, 'hipster': True, 'romantic': False, 'divey': False, 'intimate': False, 'trendy': True, 'upscale': False, 'classy': False, 'casual': False}"", 'OutdoorSeating': 'True'}","Nightlife, Coffee & Tea, Art Galleries, Bagels, Bakeries, Coffee Roasteries, Shopping, Coffeeshops, Food, Cafes, Restaurants, Arts & Entertainment","{'Monday': '0:0-0:0', 'Tuesday': '7:0-17:0', 'Wednesday': '7:0-17:0', 'Thursday': '7:0-17:0', 'Friday': '7:0-17:0', 'Saturday': '7:0-17:0', 'Sunday': '7:0-17:0'}"
xIGiif0TmmmGuV2-sidMSw,La Bella Rosa Bakery Cafe,1411 San Andres St,Santa Barbara,CA,93101,34.4179675798,-119.7153071756,3,46,1,"{'BikeParking': 'True', 'BusinessAcceptsCreditCards': 'True', 'WheelchairAccessible': 'True', 'RestaurantsPriceRange2': '1', 'Caters': 'True', 'RestaurantsTakeOut': 'True', 'BusinessParking': ""{u'valet': False, u'garage': False, u'street': False, u'lot': True, u'validated': False}"", 'RestaurantsDelivery': 'True', 'DogsAllowed': 'True'}","Food, Custom Cakes, Bakeries, Patisserie/Cake Shop","{'Monday': '5:30-15:0', 'Tuesday': '5:30-20:0', 'Wednesday': '5:30-20:0', 'Thursday': '5:30-15:0', 'Friday': '5:30-15:0', 'Saturday': '5:30-15:0', 'Sunday': '5:30-15:0'}"
9YFeX5sbn785n31iR3I77Q,Happy Cow Cookies,,Santa Barbara,CA,93101,34.420334,-119.7107494,5,10,0,,"Food, Caterers, Event Planning & Services, Bakeries, Desserts, Food Delivery Services",
ghLjxj4HoSHdflBEz2lIqA,Gelson's,3305 State St,Santa Barbara,CA,93105,34.439341,-119.735118,3.5,110,1,"{'BusinessAcceptsCreditCards': 'True', 'RestaurantsPriceRange2': '3', 'BusinessParking': ""{'garage': False, 'street': False, 'validated': False, 'lot': True, 'valet': False}"", 'ByAppointmentOnly': 'False', 'WiFi': ""'no'"", 'Ambience': ""{'touristy': False, 'hipster': False, 'romantic': False, 'divey': False, 'intimate': False, 'trendy': False, 'upscale': True, 'classy': True, 'casual': False}"", 'RestaurantsTakeOut': 'True', 'Alcohol': ""'beer_and_wine'"", 'RestaurantsAttire': ""'casual'"", 'HasTV': 'True', 'GoodForMeal': ""{'dessert': False, 'latenight': False, 'lunch': False, 'dinner': False, 'brunch': False, 'breakfast': False}"", 'RestaurantsReservations': 'False', 'OutdoorSeating': 'True', 'NoiseLevel': ""u'average'"", 'BikeParking': 'True', 'WheelchairAccessible': 'True', 'RestaurantsGoodForGroups': 'True', 'RestaurantsDelivery': 'True', 'GoodForKids': 'True'}","Bakeries, Restaurants, Delis, Grocery, Specialty Food, Health Markets, Beer, Wine & Spirits, Food, American (New)","{'Monday': '7:0-20:0', 'Tuesday': '7:0-20:0', 'Wednesday': '7:0-20:0', 'Thursday': '7:0-20:0', 'Friday': '7:0-20:0', 'Saturday': '7:0-20:0', 'Sunday': '7:0-20:0'}"
23OxrUaCvvVrwSa1z3xG-w,Recipes Bakery & Gifts: An Australian Coffee House,604 Santa Barbara St,Santa Barbara,CA,93101,34.4202441,-119.6946664,4.5,128,1,"{'BikeParking': 'True', 'RestaurantsPriceRange2': '2', 'BusinessParking': ""{'garage': False, 'street': True, 'validated': False, 'lot': False, 'valet': False}"", 'BusinessAcceptsCreditCards': 'True', 'Caters': 'True', 'RestaurantsTakeOut': 'True', 'OutdoorSeating': 'True', 'GoodForMeal': ""{'dessert': False, 'latenight': False, 'lunch': False, 'dinner': False, 'brunch': False, 'breakfast': False}"", 'Ambience': ""{'touristy': False, 'hipster': False, 'romantic': False, 'divey': False, 'intimate': False, 'trendy': False, 'upscale': False, 'classy': False, 'casual': False}"", 'HasTV': 'True', 'RestaurantsDelivery': 'True'}","Breakfast & Brunch, Restaurants, Bakeries, Food, Australian","{'Tuesday': '7:30-13:0', 'Wednesday': '7:30-13:0', 'Thursday': '7:30-13:0', 'Friday': '7:30-13:0', 'Saturday': '7:30-13:0'}"
7kLn2XsFwyJ-yFn4qx40TQ,Buena Onda at Mosaic Locale,1131 State St,Santa Barbara,CA,93101,34.4229213,-119.7044244,4.5,35,1,"{'BusinessAcceptsCreditCards': 'True', 'HappyHour': 'True', 'OutdoorSeating': 'True', 'RestaurantsTableService': 'False', 'DogsAllowed': 'True', 'WiFi': ""u'free'"", 'WheelchairAccessible': 'True', 'BusinessAcceptsBitcoin': 'False', 'Alcohol': ""u'beer_and_wine'"", 'BikeParking': 'True', 'Ambience': ""{'touristy': False, 'hipster': False, 'romantic': False, 'divey': False, 'intimate': False, 'trendy': False, 'upscale': False, 'classy': False, 'casual': False}"", 'RestaurantsReservations': 'False', 'RestaurantsDelivery': 'False', 'HasTV': 'True', 'RestaurantsTakeOut': 'True', 'GoodForMeal': ""{'dessert': False, 'latenight': False, 'lunch': False, 'dinner': False, 'brunch': False, 'breakfast': False}"", 'BusinessParking': ""{'garage': False, 'street': True, 'validated': False, 'lot': True, 'valet': False}"", 'Caters': 'True'}","Comfort Food, Bakeries, Food, Desserts, Restaurants, Empanadas, Argentine","{'Monday': '11:0-20:0', 'Tuesday': '11:0-20:0', 'Wednesday': '11:0-20:0', 'Thursday': '11:0-20:0', 'Friday': '11:0-17:0', 'Saturday': '11:0-16:0', 'Sunday': '11:0-20:0'}"
7grEnJV48N6BxbEP3uxISA,Mr B Restaurant & Cafe,"140 S Hope Ave, Ste A102",Santa Barbara,CA,93105,34.4367253,-119.748687,4,21,1,"{'RestaurantsPriceRange2': '2', 'RestaurantsDelivery': 'True', 'WheelchairAccessible': 'True', 'BusinessAcceptsCreditCards': 'True', 'RestaurantsTableService': 'True', 'RestaurantsAttire': ""u'casual'"", 'HasTV': 'True', 'BikeParking': 'True', 'Ambience': ""{u'divey': None, u'hipster': False, u'casual': True, u'touristy': False, u'trendy': None, u'intimate': False, u'romantic': None, u'classy': None, u'upscale': False}"", 'WiFi': ""u'free'"", 'BYOB': 'False', 'RestaurantsTakeOut': 'True', 'Caters': 'True', 'BusinessParking': ""{u'valet': False, u'garage': False, u'street': False, u'lot': True, u'validated': False}"", 'Alcohol': ""u'none'"", 'OutdoorSeating': 'True', 'RestaurantsGoodForGroups': 'True'}","Food, Restaurants, Middle Eastern, Cafes, Bakeries","{'Monday': '10:0-20:0', 'Tuesday': '10:0-20:0', 'Wednesday': '10:0-20:0', 'Thursday': '10:0-20:0', 'Friday': '10:0-20:0', 'Saturday': '10:0-20:0', 'Sunday': '10:0-20:0'}"
M3LZKA-tVFRJyPeKA3_2OA,Merci To Go,1024 Coast Village Rd,Santa Barbara,CA,93108,34.4227834,-119.6518454,4.5,9,1,"{'WheelchairAccessible': 'True', 'RestaurantsPriceRange2': '2', 'RestaurantsTakeOut': 'True', 'BusinessAcceptsCreditCards': 'True', 'Alcohol': ""u'none'"", 'GoodForMeal': ""{'dessert': False, 'latenight': False, 'lunch': False, 'dinner': False, 'brunch': False, 'breakfast': False}"", 'GoodForKids': 'False', 'Ambience': ""{'romantic': False, 'intimate': False, 'classy': False, 'hipster': False, 'divey': False, 'touristy': False, 'trendy': False, 'upscale': False, 'casual': False}"", 'RestaurantsReservations': 'False', 'RestaurantsAttire': ""u'casual'"", 'RestaurantsDelivery': 'False', 'BikeParking': 'True', 'OutdoorSeating': 'True', 'BusinessAcceptsBitcoin': 'False', 'NoiseLevel': ""u'quiet'"", 'BusinessParking': ""{'garage': False, 'street': False, 'validated': False, 'lot': True, 'valet': False}""}","Food, Cafes, Bakeries, Restaurants","{'Tuesday': '11:0-18:0', 'Wednesday': '11:0-18:0', 'Thursday': '11:0-18:0', 'Friday': '11:0-18:0', 'Saturday': '11:0-17:0'}"
WgOoT_oNQ6o5xjF8jO2rvA,Crazy Good Bread,38 W Victoria,Santa Barbara,CA,93101,34.42378205,-119.706960894,4,9,0,"{'BusinessAcceptsCreditCards': 'True', 'BikeParking': 'True', 'RestaurantsPriceRange2': '2', 'BusinessParking': ""{'garage': True, 'street': False, 'validated': False, 'lot': False, 'valet': False}"", 'RestaurantsDelivery': 'False'}","Bakeries, Food","{'Monday': '8:30-20:0', 'Tuesday': '8:30-20:0', 'Wednesday': '8:30-20:0', 'Thursday': '8:30-20:0', 'Friday': '8:30-20:0', 'Saturday': '8:30-20:0', 'Sunday': '8:30-20:0'}"
QS0a4snAEc-zdLeLIgTaHg,Delicious Expressions,,Santa Barbara,CA,93101,34.420334,-119.7107494,5,57,0,"{'RestaurantsPriceRange2': '2', 'GoodForKids': 'True', 'BusinessAcceptsCreditCards': 'False', 'RestaurantsDelivery': 'False', 'RestaurantsReservations': 'True', 'OutdoorSeating': 'False', 'Caters': 'False', 'NoiseLevel': ""u'average'"", 'HasTV': 'False', 'Alcohol': ""u'none'"", 'RestaurantsTakeOut': 'False', 'BusinessAcceptsBitcoin': 'False', 'RestaurantsGoodForGroups': 'True', 'BikeParking': 'False', 'RestaurantsAttire': ""u'casual'"", 'WiFi': ""u'no'""}","Caterers, Restaurants, Desserts, Bakeries, Event Planning & Services, Gluten-Free, Food, Cupcakes","{'Tuesday': '8:0-18:0', 'Wednesday': '8:0-18:0', 'Thursday': '8:0-18:0', 'Friday': '8:0-18:0', 'Saturday': '8:0-18:0'}"
-loV4cB2Uh9TCltTRgGzWQ,Renaud's Patisserie & Bistro,"1324 State St, Ste N, Arlington Plaza",Santa Barbara,CA,93101,34.4253682196,-119.7059071571,4,379,1,"{'BikeParking': 'True', 'Alcohol': ""u'none'"", 'GoodForKids': 'True', 'RestaurantsAttire': ""u'casual'"", 'WiFi': ""u'no'"", 'BusinessAcceptsCreditCards': 'True', 'Caters': 'True', 'RestaurantsReservations': 'False', 'RestaurantsPriceRange2': '2', 'BusinessParking': ""{'garage': False, 'street': False, 'validated': False, 'lot': True, 'valet': False}"", 'DriveThru': 'False', 'HasTV': 'False', 'Ambience': ""{'touristy': False, 'hipster': False, 'romantic': False, 'divey': False, 'intimate': False, 'trendy': False, 'upscale': False, 'classy': True, 'casual': True}"", 'DogsAllowed': 'True', 'NoiseLevel': ""u'quiet'"", 'RestaurantsGoodForGroups': 'True', 'RestaurantsTakeOut': 'True', 'HappyHour': 'False', 'OutdoorSeating': 'None', 'RestaurantsDelivery': 'True', 'GoodForMeal': ""{u'breakfast': True, u'brunch': True, u'lunch': None, u'dinner': False, u'latenight': False, u'dessert': None}""}","Coffee & Tea, Breakfast & Brunch, Restaurants, French, Salad, Sandwiches, Desserts, Bakeries, Food","{'Monday': '0:0-0:0', 'Tuesday': '7:0-16:0', 'Wednesday': '7:0-16:0', 'Thursday': '7:0-16:0', 'Friday': '7:0-16:0', 'Saturday': '7:0-16:0', 'Sunday': '7:0-15:0'}"
PT99vOEnfEwfOly9YoWvXg,Christine Dahl,"22 W Mission St, Ste G",Santa Barbara,CA,93101,34.4304752,-119.7156141,5,56,0,"{'RestaurantsPriceRange2': '2', 'BusinessAcceptsCreditCards': 'True', 'ByAppointmentOnly': 'True', 'BusinessParking': ""{'garage': False, 'street': True, 'validated': False, 'lot': False, 'valet': False}"", 'BikeParking': 'True', 'RestaurantsTakeOut': 'False', 'RestaurantsDelivery': 'True'}","Custom Cakes, Bakeries, Food",
upxQiiUF-6NM9jOJCxS_hg,Hennings Cake Boutique,28 W Figueroa St,Santa Barbara,CA,93101,34.421797,-119.704192,4,8,0,"{'RestaurantsPriceRange2': '2', 'BusinessAcceptsCreditCards': 'True', 'RestaurantsTakeOut': 'True', 'GoodForKids': 'True', 'RestaurantsReservations': 'False', 'RestaurantsGoodForGroups': 'True'}","Bakeries, Food, Restaurants, Coffee & Tea, Cafes, Breakfast & Brunch","{'Monday': '7:30-15:0', 'Tuesday': '7:30-15:0', 'Wednesday': '7:30-15:0', 'Thursday': '7:30-15:0', 'Friday': '7:30-15:0'}"
WQnjp_CEYTYKBBKJDME0bQ,Vons,3855 State St,Santa Barbara,CA,93105,34.4384866,-119.7495281,2.5,24,0,"{'BikeParking': 'True', 'BusinessAcceptsCreditCards': 'True', 'RestaurantsPriceRange2': '2', 'RestaurantsDelivery': 'False', 'RestaurantsTakeOut': 'True', 'BusinessParking': ""{'garage': False, 'street': False, 'validated': False, 'lot': True, 'valet': False}"", 'Caters': 'True'}","Flowers & Gifts, Restaurants, Grocery, Food, Bakeries, Shopping, Florists","{'Monday': '6:0-0:0', 'Tuesday': '6:0-0:0', 'Wednesday': '6:0-0:0', 'Thursday': '6:0-0:0', 'Friday': '6:0-0:0', 'Saturday': '6:0-0:0', 'Sunday': '6:0-0:0'}"
LtxG9DTXCFpteVkD4SGBlw,Sevtap Winery Tasting Room,23 E Canon Perdido St,Santa Barbara,CA,93101,34.421359,-119.7000324,4,307,1,"{'RestaurantsPriceRange2': '2', 'BusinessAcceptsCreditCards': 'True', 'BusinessAcceptsBitcoin': 'False', 'GoodForKids': 'False', 'OutdoorSeating': 'True', 'BikeParking': 'True', 'RestaurantsGoodForGroups': 'True', 'Alcohol': ""u'beer_and_wine'"", 'NoiseLevel': ""u'average'"", 'ByAppointmentOnly': 'False', 'WheelchairAccessible': 'True', 'Music': ""{'dj': False, 'background_music': False, 'no_music': False, 'jukebox': False, 'live': True, 'video': False, 'karaoke': False}"", 'BestNights': ""{'monday': False, 'tuesday': False, 'friday': True, 'wednesday': False, 'thursday': True, 'sunday': False, 'saturday': True}"", 'DogsAllowed': 'True', 'BusinessParking': ""{'garage': True, 'street': True, 'validated': False, 'lot': False, 'valet': True}"", 'RestaurantsTakeOut': 'True', 'WiFi': ""u'free'"", 'GoodForDancing': 'True', 'BYOB': 'False', 'DriveThru': 'False', 'RestaurantsReservations': 'True', 'RestaurantsTableService': 'True', 'Ambience': ""{'touristy': False, 'hipster': False, 'romantic': False, 'divey': False, 'intimate': False, 'trendy': False, 'upscale': False, 'classy': True, 'casual': True}"", 'HappyHour': 'False', 'HasTV': 'False', 'RestaurantsDelivery': 'False', 'Caters': 'True'}","Wine Tasting Room, Jazz & Blues, Tapas Bars, Wineries, Food, Wine Bars, Champagne Bars, Music Venues, Arts & Entertainment, Restaurants, Bakeries, Bars, Nightlife","{'Monday': '0:0-0:0', 'Wednesday': '12:0-20:0', 'Thursday': '12:0-20:0', 'Friday': '15:0-20:0', 'Saturday': '15:0-20:0', 'Sunday': '12:0-20:0'}"
VgAKmXE8B7J0I_O_R13UKQ,Santa Barbara Roasting Company,321 Motor Way,Santa Barbara,CA,93101,34.41507,-119.6944335,4,511,1,"{'RestaurantsAttire': ""'casual'"", 'RestaurantsPriceRange2': '1', 'BikeParking': 'True', 'WiFi': ""'free'"", 'OutdoorSeating': 'True', 'BusinessAcceptsCreditCards': 'True', 'RestaurantsReservations': 'False', 'Alcohol': ""'none'"", 'BusinessParking': ""{'garage': False, 'street': True, 'validated': False, 'lot': True, 'valet': False}"", 'DogsAllowed': 'True', 'RestaurantsTakeOut': 'True', 'ByAppointmentOnly': 'False', 'NoiseLevel': ""u'average'"", 'Caters': 'True', 'GoodForKids': 'True', 'RestaurantsDelivery': 'True'}","Restaurants, Bakeries, Breakfast & Brunch, Food, Coffee Roasteries, Coffee & Tea","{'Monday': '6:30-18:0', 'Tuesday': '6:30-18:0', 'Wednesday': '6:30-18:0', 'Thursday': '6:30-18:0', 'Friday': '7:0-13:45', 'Saturday': '7:0-13:45', 'Sunday': '7:0-18:0'}"
JZrspVMm79n_iHTYftkI0g,La Tapatia Bakery,832 N Milpas St,Santa Barbara,CA,93103,34.4301395303,-119.6897619065,4,56,1,"{'RestaurantsGoodForGroups': 'False', 'GoodForKids': 'True', 'OutdoorSeating': 'False', 'BusinessParking': ""{'garage': False, 'street': True, 'validated': False, 'lot': True, 'valet': False}"", 'RestaurantsAttire': ""u'casual'"", 'RestaurantsReservations': 'False', 'RestaurantsDelivery': 'False', 'RestaurantsTakeOut': 'True', 'RestaurantsPriceRange2': '1', 'Alcohol': ""u'none'"", 'Ambience': ""{'romantic': False, 'intimate': False, 'touristy': False, 'hipster': False, 'divey': False, 'classy': False, 'trendy': False, 'upscale': False, 'casual': False}"", 'BikeParking': 'True', 'WiFi': ""u'free'"", 'NoiseLevel': ""'average'"", 'HasTV': 'True', 'BusinessAcceptsCreditCards': 'True', 'BusinessAcceptsBitcoin': 'False', 'Caters': 'True', 'GoodForMeal': ""{'dessert': False, 'latenight': False, 'lunch': False, 'dinner': False, 'brunch': False, 'breakfast': False}""}","Food, Mexican, Restaurants, Bakeries","{'Tuesday': '7:0-17:0', 'Wednesday': '7:0-17:0', 'Thursday': '7:0-17:0', 'Friday': '7:0-17:0', 'Saturday': '7:0-17:0', 'Sunday': '7:0-14:0'}"
Hj44PIrCtv61ETVclzLMwg,Jeannine's American Bakery Restaurant,15 E Figueroa St,Santa Barbara,CA,93101,34.4230808,-119.7028282,4,380,0,"{'BusinessParking': ""{'garage': True, 'street': True, 'validated': False, 'lot': False, 'valet': False}"", 'BikeParking': 'True', 'RestaurantsPriceRange2': '2', 'RestaurantsGoodForGroups': 'True', 'RestaurantsTakeOut': 'True', 'RestaurantsReservations': 'False', 'ByAppointmentOnly': 'False', 'GoodForKids': 'True', 'Alcohol': ""u'beer_and_wine'"", 'NoiseLevel': ""u'average'"", 'BusinessAcceptsCreditCards': 'True', 'GoodForMeal': ""{'dessert': False, 'latenight': False, 'lunch': True, 'dinner': False, 'brunch': True, 'breakfast': True}"", 'Ambience': ""{'touristy': False, 'hipster': False, 'romantic': False, 'divey': False, 'intimate': False, 'trendy': False, 'upscale': False, 'classy': True, 'casual': True}"", 'RestaurantsAttire': ""u'casual'"", 'WiFi': ""u'no'"", 'Caters': 'False', 'HasTV': 'True', 'OutdoorSeating': 'None', 'HappyHour': 'False', 'DogsAllowed': 'False', 'RestaurantsDelivery': 'True'}","American (New), Food, Breakfast & Brunch, Restaurants, Bakeries, Coffee & Tea","{'Thursday': '7:30-13:30', 'Friday': '7:30-13:30', 'Saturday': '7:30-13:30', 'Sunday': '7:30-13:30'}"
NTWeW_PgQjIZ38h8St7mCQ,Posies & Sugar,,Santa Barbara,CA,93101,34.420334,-119.7107494,5,14,1,"{'BusinessAcceptsBitcoin': 'True', 'ByAppointmentOnly': 'False', 'BusinessAcceptsCreditCards': 'True', 'BikeParking': 'False', 'Caters': 'True', 'RestaurantsDelivery': 'True', 'WheelchairAccessible': 'False', 'RestaurantsTakeOut': 'True'}","Patisserie/Cake Shop, Bakeries, Custom Cakes, Desserts, Food","{'Tuesday': '9:0-17:0', 'Wednesday': '9:0-17:0', 'Thursday': '9:0-17:0', 'Friday': '9:0-17:0', 'Saturday': '9:0-17:0'}"
ng12rnK6ZGFddlC15c6Pqg,Haggen Food & Pharmacy,2010 Cliff Dr,Santa Barbara,CA,93109,34.4024779,-119.7236762,1.5,9,0,"{'BusinessAcceptsCreditCards': 'True', 'GoodForKids': 'True', 'HasTV': 'False', 'RestaurantsGoodForGroups': 'True', 'RestaurantsAttire': ""u'casual'"", 'RestaurantsDelivery': 'False', 'RestaurantsTakeOut': 'False', 'RestaurantsReservations': 'False'}","Beer, Wine & Spirits, Grocery, Bakeries, Delis, Food, Restaurants",
x1-RLqVvspmksSiICHCcRw,Delaney's Desserts,,Santa Barbara,CA,93105,34.4208305,-119.6981901,5,8,1,"{'BusinessAcceptsCreditCards': 'False', 'RestaurantsTakeOut': 'True', 'RestaurantsDelivery': 'True'}","Food, Custom Cakes, Desserts, Bakeries",
ToqcYJVdnrp4fefaucm-Vg,Lele Patisserie,110 W Mission St,Santa Barbara,CA,93101,34.4298651,-119.7164754,4.5,19,1,"{'BusinessAcceptsCreditCards': 'True', 'BusinessAcceptsBitcoin': 'False', 'BusinessParking': ""{'garage': False, 'street': True, 'validated': False, 'lot': True, 'valet': False}"", 'BikeParking': 'True', 'RestaurantsDelivery': 'True', 'RestaurantsTakeOut': 'True', 'WheelchairAccessible': 'True', 'Caters': 'True'}","Food, Custom Cakes, Bakeries, Cupcakes, Desserts, Caterers, Event Planning & Services",
pqlCSlwPp3unjiEBcZe94g,Room For Cake,,Santa Barbara,CA,93102,34.4208305,-119.6981901,5,6,1,"{'RestaurantsDelivery': 'True', 'WheelchairAccessible': 'True', 'DogsAllowed': 'False', 'BusinessParking': ""{'garage': False, 'street': True, 'validated': False, 'lot': False, 'valet': False}"", 'RestaurantsTakeOut': 'True', 'Caters': 'True', 'BusinessAcceptsCreditCards': 'True', 'BikeParking': 'True', 'HappyHour': 'False'}","Custom Cakes, Food, Desserts, Bakeries","{'Monday': '9:0-17:0', 'Tuesday': '9:0-17:0', 'Wednesday': '9:0-17:0', 'Thursday': '9:0-17:0', 'Friday': '9:0-17:0', 'Saturday': '9:0-17:0'}"
Z0mBsgDzDnFAEC5o4X6G9g,Java Station,4447 Hollister Ave,Santa Barbara,CA,93110,34.4394311,-119.7719422,3.5,196,1,"{'BusinessAcceptsCreditCards': 'True', 'OutdoorSeating': 'True', 'WiFi': ""u'free'"", 'BikeParking': 'True', 'BusinessParking': ""{'garage': False, 'street': False, 'validated': False, 'lot': True, 'valet': False}"", 'Alcohol': ""u'none'"", 'DogsAllowed': 'True', 'RestaurantsDelivery': 'False', 'Caters': 'False', 'RestaurantsTakeOut': 'True', 'WheelchairAccessible': 'True', 'RestaurantsPriceRange2': '1'}","Coffee & Tea, Food, Restaurants, Breakfast & Brunch, Bakeries, Sandwiches, Tabletop Games, Shopping","{'Monday': '6:0-17:0', 'Tuesday': '6:0-17:0', 'Wednesday': '6:0-17:0', 'Thursday': '6:0-17:0', 'Friday': '6:0-17:0', 'Saturday': '6:0-17:0', 'Sunday': '6:0-17:0'}"
T5serOgucL236udCsZI0jA,Xanadu Bakery,1028 Coast Village Rd,Santa Barbara,CA,93108,34.4222344,-119.6521265,3,38,0,"{'BusinessParking': ""{'garage': False, 'street': False, 'validated': False, 'lot': True, 'valet': False}"", 'BusinessAcceptsCreditCards': 'True', 'BikeParking': 'True', 'RestaurantsPriceRange2': '2', 'RestaurantsDelivery': 'True'}","Restaurants, Bakeries, Food","{'Monday': '6:0-19:0', 'Tuesday': '6:0-19:0', 'Wednesday': '6:0-19:0', 'Thursday': '6:0-19:0', 'Friday': '6:0-20:0', 'Saturday': '6:0-20:0', 'Sunday': '6:0-18:0'}"
UGADjVkBITKPU7I6sMO1oQ,Bella Dolce Bakery,113 W De La Guerra St,Santa Barbara,CA,93190,34.4180908,-119.7009017,4,9,0,"{'BusinessAcceptsCreditCards': 'True', 'OutdoorSeating': 'False', 'RestaurantsPriceRange2': '2', 'BusinessParking': ""{'garage': False, 'street': False, 'validated': False, 'lot': False, 'valet': False}""}","Food, Coffee & Tea, Desserts, Bakeries","{'Monday': '8:30-16:0', 'Tuesday': '8:30-16:0', 'Wednesday': '8:30-16:0', 'Thursday': '8:30-16:0', 'Friday': '8:30-16:0', 'Saturday': '9:30-15:0'}"
FH0MVF7kK0D76Hh4e7hXfQ,Jeannine's American Bakery Restaurant,3607 State St,Santa Barbara,CA,93105,34.4401942,-119.7408847,4,575,1,"{'RestaurantsPriceRange2': '2', 'BikeParking': 'False', 'RestaurantsTakeOut': 'True', 'BusinessAcceptsCreditCards': 'True', 'RestaurantsGoodForGroups': 'True', 'GoodForKids': 'True', 'Alcohol': ""u'none'"", 'RestaurantsAttire': ""u'casual'"", 'Caters': 'False', 'RestaurantsReservations': 'False', 'NoiseLevel': ""u'average'"", 'Ambience': ""{'touristy': False, 'hipster': False, 'romantic': False, 'divey': False, 'intimate': False, 'trendy': False, 'upscale': False, 'classy': True, 'casual': True}"", 'RestaurantsTableService': 'False', 'RestaurantsDelivery': 'True', 'GoodForMeal': ""{'dessert': False, 'latenight': False, 'lunch': True, 'dinner': False, 'brunch': True, 'breakfast': True}"", 'WiFi': ""u'free'"", 'OutdoorSeating': 'True', 'HasTV': 'True', 'BusinessParking': ""{'garage': False, 'street': True, 'validated': False, 'lot': True, 'valet': False}""}","Food, Breakfast & Brunch, Bakeries, Restaurants, Coffee & Tea","{'Monday': '0:0-0:0', 'Wednesday': '7:30-13:30', 'Thursday': '7:30-13:30', 'Friday': '7:30-13:30', 'Saturday': '7:30-13:30', 'Sunday': '7:30-13:30'}"
L4-_gPiqsuX50JN_-qUhNQ,Jeannine’s American Bakery & Restaurant,1 State St,Santa Barbara,CA,93101,34.4122052573,-119.689592,5,41,1,"{'OutdoorSeating': 'True', 'GoodForKids': 'True', 'BusinessParking': ""{u'valet': False, u'garage': None, u'street': True, u'lot': False, u'validated': False}"", 'RestaurantsPriceRange2': '2', 'NoiseLevel': ""u'average'"", 'WiFi': ""u'free'""}","Food, Bakeries, Restaurants, Patisserie/Cake Shop, Cafes, Coffee & Tea","{'Monday': '0:0-0:0', 'Tuesday': '7:30-13:30', 'Wednesday': '7:30-13:30', 'Thursday': '7:30-13:30', 'Friday': '7:30-13:30', 'Saturday': '7:30-13:30', 'Sunday': '7:30-13:30'}"
XXsofYxziipczzc3OFDD5Q,Caffè,8301 Hollister Ave,Santa Barbara,CA,93117,34.4335126,-119.9206407,3,8,1,"{'GoodForKids': 'True', 'HasTV': 'False', 'BusinessAcceptsCreditCards': 'True', 'RestaurantsPriceRange2': '1', 'RestaurantsAttire': ""'casual'"", 'RestaurantsReservations': 'False', 'RestaurantsTakeOut': 'True', 'Caters': 'False', 'RestaurantsDelivery': 'False', 'OutdoorSeating': 'True', 'BikeParking': 'True', 'Ambience': 'None', 'GoodForMeal': 'None', 'RestaurantsGoodForGroups': 'False', 'WiFi': ""u'free'"", 'WheelchairAccessible': 'True'}","Cafes, Restaurants, Bakeries, Coffee & Tea, Juice Bars & Smoothies, Food","{'Monday': '6:0-15:0', 'Tuesday': '6:0-15:0', 'Wednesday': '6:0-15:0', 'Thursday': '6:0-15:0', 'Friday': '6:0-15:0', 'Saturday': '6:0-15:0', 'Sunday': '6:0-15:0'}"
jWhlz8LesaC7jZL9bHNe9A,Bree’Osh,2700 De La Vina St,Santa Barbara,CA,93105,34.4358551,-119.7250034,4.5,29,1,"{'BusinessParking': ""{u'valet': False, u'garage': False, u'street': True, u'lot': False, u'validated': False}"", 'WheelchairAccessible': 'False', 'Caters': 'True', 'BusinessAcceptsCreditCards': 'True', 'RestaurantsTakeOut': 'True', 'DogsAllowed': 'True', 'BikeParking': 'False', 'NoiseLevel': ""u'average'"", 'RestaurantsDelivery': 'False', 'RestaurantsPriceRange2': '2'}","Food, Bakeries","{'Monday': '0:0-0:0', 'Tuesday': '7:0-14:0', 'Wednesday': '7:0-14:0', 'Thursday': '7:0-14:0', 'Friday': '7:0-12:0', 'Saturday': '7:0-14:0', 'Sunday': '7:0-14:0'}"
jWgZRpdHy8csA1sUz1auSw,Daniel's Bakery and Mexican Food,2714 De La Vina St,Santa Barbara,CA,93105,34.4360248,-119.7254785,3.5,23,1,"{'RestaurantsPriceRange2': '1', 'BusinessParking': ""{'garage': False, 'street': True, 'validated': False, 'lot': False, 'valet': False}"", 'BusinessAcceptsCreditCards': 'True', 'HasTV': 'True'}","Bakeries, Mexican, Restaurants, Food","{'Monday': '6:0-21:0', 'Tuesday': '6:0-21:0', 'Wednesday': '6:0-21:0', 'Thursday': '6:0-21:0', 'Friday': '6:0-21:0', 'Saturday': '6:0-21:0', 'Sunday': '6:0-17:0'}"
8JzURExziDYuCrd7Ve9nDQ,Los Tarascos Bakery and Deli,314 E Haley St,Santa Barbara,CA,93101,34.4202813,-119.6915269,4.5,44,1,"{'BusinessAcceptsCreditCards': 'True', 'RestaurantsPriceRange2': '1', 'BikeParking': 'True', 'BusinessParking': ""{'garage': False, 'street': True, 'validated': False, 'lot': False, 'valet': False}"", 'RestaurantsReservations': 'False', 'WiFi': ""'no'"", 'OutdoorSeating': 'None', 'Caters': 'True', 'GoodForKids': 'True', 'RestaurantsTakeOut': 'True', 'RestaurantsGoodForGroups': 'True', 'RestaurantsAttire': ""'casual'"", 'Alcohol': ""u'none'"", 'RestaurantsDelivery': 'True', 'Ambience': ""{'touristy': False, 'hipster': False, 'romantic': False, 'divey': False, 'intimate': False, 'trendy': False, 'upscale': False, 'classy': False, 'casual': False}"", 'GoodForMeal': ""{'dessert': False, 'latenight': False, 'lunch': False, 'dinner': False, 'brunch': False, 'breakfast': False}"", 'RestaurantsTableService': 'False', 'HasTV': 'False'}","Delis, Food, Restaurants, Bakeries","{'Monday': '6:0-21:0', 'Tuesday': '6:0-21:0', 'Wednesday': '6:0-21:0', 'Thursday': '6:0-21:0', 'Friday': '6:0-21:0', 'Saturday': '6:0-20:0'}"
DdD7j67fu8kM6DkvY4JCIA,Panaderia Veronica,201 S Milpas St,Santa Barbara,CA,93103,34.4198234014,-119.6761536598,4.5,26,0,"{'RestaurantsPriceRange2': '1', 'NoiseLevel': ""'quiet'"", 'GoodForKids': 'True', 'Alcohol': ""'none'"", 'RestaurantsTakeOut': 'True', 'RestaurantsDelivery': 'False', 'OutdoorSeating': 'False', 'RestaurantsGoodForGroups': 'True', 'RestaurantsReservations': 'False', 'WiFi': ""'no'"", 'RestaurantsTableService': 'False', 'HasTV': 'True', 'BusinessAcceptsCreditCards': 'False', 'Ambience': ""{'romantic': False, 'intimate': False, 'classy': False, 'hipster': False, 'divey': False, 'touristy': False, 'trendy': False, 'upscale': False, 'casual': False}"", 'BusinessParking': ""{'garage': False, 'street': False, 'validated': False, 'lot': True, 'valet': False}"", 'GoodForMeal': ""{'dessert': False, 'latenight': False, 'lunch': False, 'dinner': False, 'brunch': False, 'breakfast': False}"", 'RestaurantsAttire': ""'casual'""}","Restaurants, Bakeries, Food, Mexican","{'Monday': '5:0-20:0', 'Tuesday': '5:0-20:0', 'Wednesday': '5:0-20:0', 'Thursday': '5:0-20:0', 'Friday': '5:0-20:0', 'Saturday': '5:0-20:0', 'Sunday': '5:0-20:0'}"
cQDwJjslebJv5Co7gCm2Yw,Cafe Ana,1201 Anacapa St,Santa Barbara,CA,93101,34.4243818,-119.7035713,4,91,0,"{'OutdoorSeating': 'True', 'HappyHour': 'True', 'BestNights': ""{'monday': False, 'tuesday': False, 'friday': False, 'wednesday': False, 'thursday': False, 'sunday': False, 'saturday': False}"", 'GoodForDancing': 'False', 'Music': ""{'dj': False, 'background_music': False, 'no_music': False, 'jukebox': False, 'live': False, 'video': False, 'karaoke': False}"", 'RestaurantsPriceRange2': '2', 'BikeParking': 'True', 'BusinessAcceptsCreditCards': 'True', 'Smoking': ""u'no'"", 'NoiseLevel': ""u'average'"", 'Ambience': ""{'touristy': False, 'hipster': False, 'romantic': False, 'divey': False, 'intimate': False, 'trendy': False, 'upscale': False, 'classy': True, 'casual': False}"", 'GoodForMeal': ""{'dessert': False, 'latenight': False, 'lunch': False, 'dinner': False, 'brunch': False, 'breakfast': False}"", 'BusinessParking': ""{'garage': True, 'street': True, 'validated': False, 'lot': False, 'valet': False}"", 'RestaurantsTakeOut': 'True', 'RestaurantsDelivery': 'True', 'RestaurantsReservations': 'True', 'RestaurantsTableService': 'True', 'HasTV': 'False', 'ByAppointmentOnly': 'False', 'WheelchairAccessible': 'True', 'Alcohol': ""u'beer_and_wine'""}","Donuts, Wine Bars, Bars, Breakfast & Brunch, Bakeries, American (New), Nightlife, Food, Coffee & Tea, Restaurants, Cafes",
m4xrhESFLaA7PiddXeg2aw,Pierre Lafond Wine Bistro,516 State St,Santa Barbara,CA,93101,34.4173624,-119.6959549,3.5,188,0,"{'RestaurantsDelivery': 'True', 'BYOBCorkage': ""'no'"", 'Caters': 'True', 'RestaurantsReservations': 'True', 'BusinessParking': ""{'garage': False, 'street': True, 'validated': False, 'lot': False, 'valet': False}"", 'RestaurantsTakeOut': 'True', 'BusinessAcceptsCreditCards': 'True', 'RestaurantsGoodForGroups': 'True', 'OutdoorSeating': 'True', 'GoodForKids': 'True', 'WiFi': ""u'free'"", 'Ambience': ""{'touristy': False, 'hipster': False, 'romantic': False, 'divey': False, 'intimate': False, 'trendy': False, 'upscale': False, 'classy': False, 'casual': False}"", 'BikeParking': 'True', 'RestaurantsAttire': ""u'casual'"", 'NoiseLevel': ""u'average'"", 'Alcohol': ""u'beer_and_wine'"", 'RestaurantsPriceRange2': '2', 'HasTV': 'False', 'HappyHour': 'True'}","Bakeries, Food, Delis, Bars, Wine Bars, American (New), Local Flavor, Italian, Nightlife, Restaurants","{'Monday': '11:0-21:0', 'Tuesday': '11:0-21:0', 'Wednesday': '11:0-21:0', 'Thursday': '11:0-21:0', 'Friday': '11:0-21:0', 'Saturday': '11:0-21:0', 'Sunday': '11:0-21:0'}"
WVNkMz4sEl35swjVtKHOFw,Alessia Patisserie & Cafe ,134 E Canon Perdido St,Santa Barbara,CA,93101,34.4224228151,-119.6983611,4.5,112,1,"{'DogsAllowed': 'True', 'BusinessAcceptsCreditCards': 'True', 'WiFi': ""u'no'"", 'RestaurantsPriceRange2': '2', 'BikeParking': 'True', 'Ambience': ""{u'divey': False, u'hipster': False, u'casual': False, u'touristy': False, u'trendy': False, u'intimate': False, u'romantic': False, u'classy': True, u'upscale': False}"", 'WheelchairAccessible': 'True', 'RestaurantsReservations': 'False', 'RestaurantsTakeOut': 'True', 'Alcohol': ""u'beer_and_wine'"", 'OutdoorSeating': 'True', 'NoiseLevel': ""u'average'"", 'BusinessParking': ""{u'valet': False, u'garage': False, u'street': True, u'lot': False, u'validated': False}""}","Bakeries, Food, Patisserie/Cake Shop, Cafes, Restaurants","{'Tuesday': '7:0-15:0', 'Wednesday': '7:0-15:0', 'Thursday': '7:0-15:0', 'Friday': '7:0-15:0', 'Saturday': '8:0-15:0', 'Sunday': '8:0-15:0'}"
_6p_j0UL7ST3b2nvHw82eA,REBAR COFFEE + KTCHN,214 State St,Santa Barbara,CA,93101,34.414441053,-119.691915844,4,160,0,"{'WiFi': ""u'free'"", 'BikeParking': 'True', 'BusinessAcceptsCreditCards': 'True', 'OutdoorSeating': 'True', 'Caters': 'True', 'Alcohol': ""u'full_bar'"", 'RestaurantsDelivery': 'False', 'HasTV': 'False', 'GoodForKids': 'True', 'Ambience': ""{'romantic': False, 'intimate': False, 'classy': False, 'hipster': False, 'divey': False, 'touristy': False, 'trendy': False, 'upscale': False, 'casual': True}"", 'RestaurantsTakeOut': 'True', 'WheelchairAccessible': 'True', 'DogsAllowed': 'True', 'RestaurantsAttire': ""'casual'"", 'RestaurantsGoodForGroups': 'True', 'BusinessParking': ""{'garage': False, 'street': True, 'validated': False, 'lot': True, 'valet': False}"", 'RestaurantsPriceRange2': '2', 'NoiseLevel': ""u'quiet'"", 'GoodForMeal': ""{'dessert': False, 'latenight': False, 'lunch': False, 'dinner': False, 'brunch': True, 'breakfast': True}"", 'RestaurantsTableService': 'False', 'RestaurantsReservations': 'False'}","Coffee & Tea, Delis, Food, Bakeries, Restaurants","{'Monday': '7:0-19:0', 'Tuesday': '7:0-19:0', 'Wednesday': '7:0-19:0', 'Thursday': '7:0-19:0', 'Friday': '7:0-19:0', 'Saturday': '7:0-19:0', 'Sunday': '7:0-17:0'}"
9uJuBPIQyrC0v9pVv3JKRQ,Panera Bread,3851 State St,Santa Barbara,CA,93105,34.4396526051,-119.7491244972,2.5,176,0,"{'BikeParking': 'True', 'RestaurantsPriceRange2': '1', 'BusinessParking': ""{'garage': False, 'street': False, 'validated': False, 'lot': True, 'valet': False}"", 'Alcohol': ""u'none'"", 'Caters': 'True', 'NoiseLevel': ""u'average'"", 'RestaurantsReservations': 'False', 'OutdoorSeating': 'True', 'RestaurantsGoodForGroups': 'True', 'HasTV': 'True', 'GoodForKids': 'True', 'BusinessAcceptsCreditCards': 'True', 'WiFi': ""u'free'"", 'RestaurantsTakeOut': 'True', 'GoodForMeal': ""{'dessert': True, 'latenight': False, 'lunch': True, 'dinner': True, 'brunch': None, 'breakfast': True}"", 'Ambience': ""{'touristy': False, 'hipster': False, 'romantic': False, 'divey': False, 'intimate': False, 'trendy': None, 'upscale': False, 'classy': False, 'casual': True}"", 'RestaurantsAttire': ""u'casual'"", 'RestaurantsDelivery': 'True'}","Bagels, Sandwiches, Soup, Restaurants, Bakeries, Salad, Breakfast & Brunch, Food","{'Monday': '8:0-15:0', 'Tuesday': '8:0-15:0', 'Wednesday': '8:0-15:0', 'Thursday': '8:0-15:0', 'Friday': '8:0-15:0', 'Saturday': '8:0-15:0', 'Sunday': '8:0-15:0'}"
pGtaxpSxxpmqPs6FAR1W_A,A Piece of Cake,,Santa Barbara,CA,93102,34.4216024,-119.698259,2,12,1,"{'Caters': 'True', 'Ambience': ""{'romantic': False, 'intimate': False, 'touristy': False, 'hipster': False, 'divey': False, 'classy': False, 'trendy': False, 'upscale': False, 'casual': False}"", 'RestaurantsDelivery': 'True', 'Alcohol': ""u'none'"", 'RestaurantsPriceRange2': '2', 'RestaurantsReservations': 'True', 'HasTV': 'False', 'RestaurantsGoodForGroups': 'True', 'BusinessAcceptsCreditCards': 'False'}","Food, Restaurants, Bakeries, Desserts",
1kVnChI4aqsPw9i2PVqkkw,Fresco Cafe,"3987 State St, Ste B",Santa Barbara,CA,93105,34.4394181202,-119.7514181468,4,278,1,"{'RestaurantsTakeOut': 'True', 'BusinessAcceptsCreditCards': 'True', 'WiFi': ""u'no'"", 'RestaurantsPriceRange2': '2', 'Caters': 'True', 'GoodForKids': 'True', 'RestaurantsAttire': ""'casual'"", 'RestaurantsGoodForGroups': 'True', 'BusinessParking': ""{'garage': False, 'street': False, 'validated': False, 'lot': True, 'valet': False}"", 'Alcohol': ""u'beer_and_wine'"", 'NoiseLevel': ""u'average'"", 'RestaurantsReservations': 'False', 'BikeParking': 'True', 'DogsAllowed': 'True', 'OutdoorSeating': 'True', 'GoodForMeal': ""{u'breakfast': None, u'brunch': None, u'lunch': True, u'dinner': True, u'latenight': False, u'dessert': None}"", 'Ambience': ""{u'divey': False, u'hipster': False, u'casual': True, u'touristy': False, u'trendy': False, u'intimate': False, u'romantic': False, u'classy': False, u'upscale': False}"", 'HasTV': 'True', 'RestaurantsDelivery': 'True'}","American (Traditional), Bakeries, Restaurants, Italian, Breakfast & Brunch, Food","{'Monday': '11:0-20:0', 'Tuesday': '11:0-20:0', 'Wednesday': '11:0-20:0', 'Thursday': '11:0-20:0', 'Friday': '11:0-20:0', 'Saturday': '11:0-20:0'}"
aD490g5tyGScrxRZP_d1gw,Enjoy Cupcakes,"38 W Victoria St, Ste 105",Santa Barbara,CA,93101,34.4236075,-119.7070539,4.5,165,0,"{'BikeParking': 'True', 'BusinessAcceptsCreditCards': 'True', 'BusinessParking': ""{'garage': True, 'street': True, 'validated': False, 'lot': False, 'valet': False}"", 'RestaurantsPriceRange2': '2', 'WheelchairAccessible': 'True', 'RestaurantsTakeOut': 'True', 'RestaurantsDelivery': 'True', 'Caters': 'True'}","Bakeries, Food Trucks, Food, Cupcakes","{'Monday': '12:0-20:0', 'Tuesday': '12:0-21:0', 'Wednesday': '12:0-21:0', 'Thursday': '12:0-21:0', 'Friday': '12:0-21:0', 'Saturday': '12:0-21:0', 'Sunday': '12:0-20:0'}"
4gPWSVCRzHvJ7i6LuNrCvA,Panaderia Oaxaqueña La Soledad,"4141 State St, Ste 6",Santa Barbara,CA,93110,34.4400851048,-119.7615413807,3,5,0,"{'RestaurantsPriceRange2': '1', 'WiFi': ""'no'"", 'BusinessAcceptsCreditCards': 'True', 'BusinessParking': ""{'garage': False, 'street': False, 'validated': False, 'lot': False, 'valet': False}""}","Food, Specialty Food, Ice Cream & Frozen Yogurt, Bakeries, Ethnic Food","{'Monday': '8:0-20:0', 'Tuesday': '8:0-20:0', 'Wednesday': '8:0-20:0', 'Thursday': '8:0-20:0', 'Friday': '8:0-20:0', 'Saturday': '8:0-20:0', 'Sunday': '8:0-20:0'}"
5GUA13zYgw4_8F6qUMU_LA,Green Star Coffee,38 W Victoria St,Santa Barbara,CA,93101,34.4235443109,-119.7068980126,4.5,63,0,"{'WiFi': ""'free'"", 'WheelchairAccessible': 'True', 'RestaurantsPriceRange2': '1', 'BusinessAcceptsCreditCards': 'True', 'BikeParking': 'True', 'RestaurantsTakeOut': 'True', 'Caters': 'False', 'BusinessParking': ""{'garage': True, 'street': True, 'validated': False, 'lot': False, 'valet': False}"", 'OutdoorSeating': 'True'}","Bakeries, Bagels, Food, Coffee & Tea","{'Monday': '7:30-20:0', 'Tuesday': '7:30-20:0', 'Wednesday': '7:30-20:0', 'Thursday': '7:30-20:0', 'Friday': '7:30-20:0', 'Saturday': '8:0-20:0', 'Sunday': '8:0-20:0'}"
FQxEfhBd1gMrurP19bhK8w,Mama's Bakery & Deli,5342 Hollister Ave,Santa Barbara,CA,93111,34.4353809777,-119.8107449761,4,38,0,"{'RestaurantsPriceRange2': '1', 'BikeParking': 'True', 'RestaurantsTakeOut': 'True', 'Caters': 'False', 'BusinessAcceptsCreditCards': 'True', 'BusinessParking': ""{u'valet': False, u'garage': False, u'street': True, u'lot': True, u'validated': False}"", 'RestaurantsDelivery': 'False'}","Restaurants, Food, Delis, Bakeries","{'Monday': '6:0-16:30', 'Tuesday': '6:0-16:30', 'Wednesday': '6:0-16:30', 'Thursday': '6:0-16:30', 'Friday': '6:0-16:30'}"
JxVPdQrAac7qNUnwse7xcw,L's Kitchen,121 E Yanonali St,Santa Barbara,CA,93101,34.4157919,-119.6899452,5,13,0,"{'RestaurantsGoodForGroups': 'True', 'BusinessParking': ""{'garage': False, 'street': False, 'validated': False, 'lot': False, 'valet': False}"", 'RestaurantsAttire': ""'casual'"", 'BikeParking': 'True', 'RestaurantsPriceRange2': '1', 'Caters': 'True', 'Alcohol': ""'none'"", 'RestaurantsDelivery': 'True', 'OutdoorSeating': 'True', 'RestaurantsTakeOut': 'True', 'RestaurantsReservations': 'False', 'NoiseLevel': ""'average'"", 'HasTV': 'False', 'Ambience': ""{'romantic': False, 'intimate': False, 'classy': False, 'hipster': False, 'divey': False, 'touristy': False, 'trendy': False, 'upscale': False, 'casual': False}"", 'WiFi': ""'no'"", 'GoodForKids': 'True', 'BusinessAcceptsCreditCards': 'True'}","Restaurants, Sandwiches, Breakfast & Brunch, Bakeries, Food, Salad","{'Monday': '9:30-14:30', 'Tuesday': '9:30-14:30', 'Wednesday': '9:30-14:30', 'Thursday': '9:30-14:30', 'Friday': '9:30-14:30'}"
rwAePQunJwl6WZP8NhWmbQ,Napoleon's Macarons,305 Paseo Nuevo,Santa Barbara,CA,93101,34.41874,-119.7003524,3,6,0,"{'RestaurantsPriceRange2': '1', 'BusinessParking': ""{'garage': False, 'street': False, 'validated': False, 'lot': False, 'valet': False}"", 'BusinessAcceptsCreditCards': 'True'}","Desserts, Food, Bakeries, Specialty Food","{'Monday': '10:0-21:0', 'Tuesday': '10:0-21:0', 'Wednesday': '10:0-21:0', 'Thursday': '10:0-21:0', 'Friday': '10:0-21:0', 'Saturday': '10:0-20:0', 'Sunday': '11:0-20:0'}"
Kg71HUigI1rnY3UMFiLx0w,Tangonadas,"1014 State St, Ste B",Santa Barbara,CA,93101,34.4220679,-119.702223,4.5,67,0,"{'BusinessAcceptsCreditCards': 'True', 'Caters': 'True', 'RestaurantsPriceRange2': '1', 'Alcohol': ""'none'"", 'WheelchairAccessible': 'True', 'WiFi': ""u'free'"", 'RestaurantsDelivery': 'True', 'BusinessParking': ""{'garage': True, 'street': False, 'validated': False, 'lot': True, 'valet': False}"", 'RestaurantsTakeOut': 'True', 'BikeParking': 'True', 'DogsAllowed': 'True', 'OutdoorSeating': 'True'}","Empanadas, Coffee & Tea, Food, Bakeries","{'Monday': '9:0-16:0', 'Tuesday': '9:0-16:0', 'Wednesday': '9:0-16:0', 'Thursday': '9:0-17:0', 'Friday': '9:0-19:30', 'Saturday': '10:30-19:30', 'Sunday': '10:0-18:0'}"
CO5UeHEX1AcK5yRzFVr2Ew,Fresh & Easy,336 N. Milpas,Santa Barbara,CA,93103,34.425389,-119.683614,3,27,0,"{'BusinessAcceptsCreditCards': 'True', 'RestaurantsDelivery': 'False', 'BikeParking': 'True', 'BusinessParking': ""{'garage': False, 'street': False, 'validated': False, 'lot': True, 'valet': False}"", 'RestaurantsPriceRange2': '2'}","Convenience Stores, Food, Bakeries, Grocery","{'Monday': '6:0-6:0', 'Tuesday': '6:0-6:0', 'Wednesday': '6:0-6:0', 'Thursday': '6:0-6:0', 'Friday': '6:0-6:0', 'Saturday': '6:0-6:0', 'Sunday': '6:0-6:0'}"
PGVZjuHpB5s5jFMKqKdCmw,Our Daily Bread,831 Santa Barbara St,Santa Barbara,CA,93101,34.4221062,-119.6975282,3.5,36,0,"{'GoodForKids': 'True', 'BusinessAcceptsCreditCards': 'True', 'RestaurantsPriceRange2': '2', 'BusinessParking': ""{'garage': False, 'street': True, 'validated': False, 'lot': True, 'valet': False}"", 'NoiseLevel': ""u'average'"", 'HasTV': 'False', 'OutdoorSeating': 'True', 'RestaurantsAttire': ""u'casual'""}","Bakeries, Food, Restaurants, Gluten-Free, Breakfast & Brunch","{'Monday': '6:0-17:30', 'Tuesday': '6:0-17:30', 'Wednesday': '6:0-17:30', 'Thursday': '6:0-17:30', 'Friday': '6:0-17:30', 'Saturday': '7:0-16:0'}"
CwL56LgcMz7Bvi4xODHVSw,La Arcada Bistro,1112 State St,Santa Barbara,CA,93101,34.4227118,-119.7032241,3.5,144,0,"{'OutdoorSeating': 'True', 'RestaurantsPriceRange2': '2', 'BusinessAcceptsCreditCards': 'True', 'Ambience': ""{'touristy': False, 'hipster': False, 'romantic': False, 'divey': False, 'intimate': False, 'trendy': False, 'upscale': False, 'classy': False, 'casual': True}"", 'GoodForKids': 'True', 'BikeParking': 'True', 'RestaurantsAttire': ""'casual'"", 'RestaurantsGoodForGroups': 'True', 'BusinessParking': ""{'garage': True, 'street': True, 'validated': False, 'lot': False, 'valet': False}"", 'HasTV': 'True', 'Caters': 'False', 'NoiseLevel': ""'quiet'"", 'WiFi': ""u'free'"", 'Alcohol': ""'full_bar'"", 'RestaurantsReservations': 'True', 'HappyHour': 'True', 'RestaurantsTakeOut': 'True', 'RestaurantsDelivery': 'False'}","Coffee & Tea, Food, American (Traditional), Gluten-Free, Restaurants, Breakfast & Brunch, Bakeries","{'Monday': '11:0-16:0', 'Tuesday': '11:0-16:0', 'Wednesday': '11:0-21:0', 'Thursday': '11:0-21:0', 'Friday': '9:0-21:0', 'Saturday': '9:0-21:0', 'Sunday': '9:0-21:0'}"
hPzPpfSjgQkpWCD7YjcY-A,Lilac Pâtisserie,1017 State St,Santa Barbara,CA,93101,34.4216848,-119.7026997,4.5,588,1,"{'RestaurantsAttire': ""'casual'"", 'RestaurantsReservations': 'False', 'GoodForKids': 'True', 'BusinessAcceptsCreditCards': 'True', 'RestaurantsGoodForGroups': 'True', 'DriveThru': 'False', 'BusinessAcceptsBitcoin': 'False', 'DogsAllowed': 'False', 'BikeParking': 'True', 'HappyHour': 'False', 'RestaurantsPriceRange2': '2', 'RestaurantsTableService': 'False', 'RestaurantsDelivery': 'None', 'WiFi': ""u'no'"", 'OutdoorSeating': 'None', 'GoodForMeal': ""{'dessert': True, 'latenight': False, 'lunch': True, 'dinner': False, 'brunch': True, 'breakfast': True}"", 'Caters': 'True', 'BusinessParking': 'None', 'RestaurantsTakeOut': 'None', 'NoiseLevel': ""'average'"", 'Alcohol': ""u'beer_and_wine'"", 'WheelchairAccessible': 'True', 'HasTV': 'False', 'Ambience': ""{'touristy': False, 'hipster': False, 'romantic': False, 'divey': False, 'intimate': False, 'trendy': False, 'upscale': False, 'classy': True, 'casual': True}""}","Specialty Food, Health Markets, Restaurants, Gluten-Free, Bakeries, Coffee & Tea, Desserts, Breakfast & Brunch, Food","{'Monday': '0:0-0:0', 'Tuesday': '8:0-16:0', 'Wednesday': '8:0-14:0', 'Thursday': '8:0-14:0', 'Friday': '8:0-14:0', 'Saturday': '8:0-14:0', 'Sunday': '8:0-14:0'}"
s4k1P9FHfPUzw3dqXRp7eA,LOKUM Turkish Delight & Baklava,1019 State St,Santa Barbara,CA,93101,34.421738,-119.70249,4.5,234,1,"{'BikeParking': 'True', 'HappyHour': 'False', 'BusinessParking': ""{'garage': True, 'street': False, 'validated': False, 'lot': False, 'valet': False}"", 'BusinessAcceptsCreditCards': 'True', 'Ambience': ""{'touristy': False, 'hipster': False, 'romantic': False, 'divey': False, 'intimate': False, 'trendy': False, 'upscale': False, 'classy': True, 'casual': False}"", 'RestaurantsTakeOut': 'True', 'WheelchairAccessible': 'True', 'Caters': 'False', 'DogsAllowed': 'False', 'OutdoorSeating': 'True', 'WiFi': ""u'free'"", 'BYOB': 'False', 'RestaurantsPriceRange2': '2', 'Alcohol': ""u'none'"", 'NoiseLevel': ""u'average'"", 'RestaurantsDelivery': 'True', 'RestaurantsTableService': 'True'}","Coffee & Tea, Food, Desserts, Turkish, Restaurants, Bakeries","{'Monday': '10:0-20:0', 'Tuesday': '10:0-20:0', 'Wednesday': '10:0-20:0', 'Thursday': '10:0-19:0', 'Friday': '10:0-19:0', 'Saturday': '10:0-18:0', 'Sunday': '10:0-20:0'}"
0RxU5OglQyPVtLKC1LPgsA,Bree'osh,"1150 Coast Village Rd, Ste E",Santa Barbara,CA,93108,34.4214078817,-119.64647306,4.5,497,1,"{'Caters': 'True', 'GoodForMeal': ""{'dessert': False, 'latenight': False, 'lunch': True, 'dinner': False, 'brunch': True, 'breakfast': True}"", 'RestaurantsReservations': 'False', 'RestaurantsPriceRange2': '2', 'RestaurantsGoodForGroups': 'False', 'GoodForKids': 'True', 'HasTV': 'False', 'BusinessParking': ""{'garage': False, 'street': True, 'validated': False, 'lot': False, 'valet': False}"", 'RestaurantsTakeOut': 'True', 'RestaurantsDelivery': 'True', 'DogsAllowed': 'True', 'BusinessAcceptsCreditCards': 'True', 'WiFi': ""u'free'"", 'Alcohol': ""u'none'"", 'OutdoorSeating': 'True', 'RestaurantsTableService': 'False', 'BikeParking': 'True', 'BYOB': 'False', 'RestaurantsAttire': ""u'casual'"", 'Ambience': ""{'touristy': False, 'hipster': False, 'romantic': False, 'divey': False, 'intimate': False, 'trendy': False, 'upscale': False, 'classy': True, 'casual': True}"", 'NoiseLevel': ""u'average'"", 'HappyHour': 'False', 'WheelchairAccessible': 'False'}","Restaurants, Food, French, Coffee & Tea, Bakeries, Breakfast & Brunch","{'Monday': '0:0-0:0', 'Tuesday': '7:0-14:0', 'Wednesday': '7:0-14:0', 'Thursday': '7:0-14:0', 'Friday': '7:0-12:0', 'Saturday': '7:0-14:0', 'Sunday': '7:0-14:0'}"
VAIOtbsxdNmuhUKkQZFRlA,Renaud's Patisserie & Bistro,3315 State St,Santa Barbara,CA,93105,34.4394292,-119.7358901,4.5,524,1,"{'GoodForKids': 'True', 'RestaurantsAttire': ""u'casual'"", 'Caters': 'True', 'RestaurantsReservations': 'False', 'RestaurantsPriceRange2': '2', 'BusinessParking': ""{'garage': False, 'street': False, 'validated': False, 'lot': True, 'valet': False}"", 'NoiseLevel': ""u'average'"", 'RestaurantsTableService': 'False', 'DogsAllowed': 'True', 'BikeParking': 'True', 'BusinessAcceptsCreditCards': 'True', 'GoodForMeal': ""{'dessert': None, 'latenight': False, 'lunch': True, 'dinner': False, 'brunch': True, 'breakfast': True}"", 'Ambience': ""{'touristy': False, 'hipster': False, 'romantic': False, 'divey': False, 'intimate': False, 'trendy': False, 'upscale': False, 'classy': True, 'casual': True}"", 'HasTV': 'False', 'WiFi': ""u'free'"", 'RestaurantsTakeOut': 'True', 'OutdoorSeating': 'True', 'RestaurantsDelivery': 'True', 'HappyHour': 'False', 'Alcohol': ""'beer_and_wine'"", 'RestaurantsGoodForGroups': 'True'}","French, Cafes, Restaurants, Breakfast & Brunch, Food, Sandwiches, Bakeries","{'Monday': '0:0-0:0', 'Tuesday': '6:30-16:0', 'Wednesday': '6:30-16:0', 'Thursday': '6:30-16:0', 'Friday': '6:30-16:0', 'Saturday': '6:30-16:0', 'Sunday': '6:30-15:0'}"
YrNtBUOUOYwmRZ_UVwH8iQ,D'Angelo's Bakery,25 W Gutierrez St,Santa Barbara,CA,93190,34.4151276955,-119.6948346064,3.5,433,1,"{'RestaurantsAttire': ""u'casual'"", 'BusinessAcceptsCreditCards': 'True', 'RestaurantsPriceRange2': '2', 'GoodForKids': 'True', 'NoiseLevel': ""u'average'"", 'Caters': 'False', 'WiFi': ""u'no'"", 'RestaurantsGoodForGroups': 'False', 'Alcohol': ""u'none'"", 'BikeParking': 'True', 'OutdoorSeating': 'True', 'RestaurantsReservations': 'False', 'BYOB': 'False', 'BusinessParking': ""{'garage': False, 'street': True, 'validated': False, 'lot': True, 'valet': False}"", 'RestaurantsTableService': 'True', 'Ambience': ""{'touristy': False, 'hipster': False, 'romantic': False, 'divey': False, 'intimate': False, 'trendy': False, 'upscale': False, 'classy': True, 'casual': True}"", 'RestaurantsTakeOut': 'None', 'WheelchairAccessible': 'True', 'HasTV': 'True', 'GoodForMeal': ""{'dessert': False, 'latenight': False, 'lunch': False, 'dinner': False, 'brunch': True, 'breakfast': True}"", 'RestaurantsDelivery': 'True'}","Restaurants, Food, Breakfast & Brunch, Bakeries","{'Monday': '7:0-14:0', 'Tuesday': '7:0-14:0', 'Wednesday': '7:0-14:0', 'Thursday': '7:0-14:0', 'Friday': '7:0-14:0', 'Saturday': '7:0-14:0', 'Sunday': '7:0-14:0'}"
XgehM3pBZWuXi45J2dqRJQ,Green Table,113 W De La Guerra St,Santa Barbara,CA,93101,34.4178719,-119.7007018,4.5,319,1,"{'RestaurantsReservations': 'False', 'DogsAllowed': 'True', 'GoodForKids': 'True', 'BusinessAcceptsBitcoin': 'False', 'Ambience': ""{'romantic': False, 'intimate': False, 'classy': False, 'hipster': False, 'divey': False, 'touristy': False, 'trendy': False, 'upscale': False, 'casual': True}"", 'BusinessAcceptsCreditCards': 'True', 'GoodForMeal': ""{'dessert': False, 'latenight': False, 'lunch': True, 'dinner': False, 'brunch': True, 'breakfast': True}"", 'BikeParking': 'True', 'OutdoorSeating': 'True', 'HasTV': 'False', 'WheelchairAccessible': 'True', 'BusinessParking': ""{'garage': False, 'street': True, 'validated': False, 'lot': False, 'valet': False}"", 'RestaurantsAttire': ""'casual'"", 'WiFi': ""u'free'"", 'NoiseLevel': ""'average'"", 'RestaurantsTableService': 'False', 'ByAppointmentOnly': 'False', 'HappyHour': 'False', 'RestaurantsPriceRange2': '2', 'RestaurantsTakeOut': 'True', 'Alcohol': ""'none'"", 'Caters': 'True', 'RestaurantsDelivery': 'True', 'RestaurantsGoodForGroups': 'True'}","Juice Bars & Smoothies, Restaurants, Food, Vegan, Cafes, Bakeries, Coffee & Tea, Gluten-Free, Vegetarian, Acai Bowls","{'Monday': '0:0-0:0', 'Tuesday': '9:0-15:0', 'Wednesday': '9:0-15:0', 'Thursday': '9:0-15:0', 'Friday': '9:0-15:0', 'Saturday': '9:0-15:0', 'Sunday': '10:0-14:0'}"
wb6rAxDPWP_5AAl3CKCM1w,Insomnia Cookies,430 State St,Santa Barbara,CA,93101,34.4167934,-119.6950827,3.5,75,1,"{'RestaurantsDelivery': 'True', 'RestaurantsTakeOut': 'True'}","Ice Cream & Frozen Yogurt, Food, Bakeries, Desserts, Food Delivery Services, Patisserie/Cake Shop","{'Monday': '0:0-0:0', 'Tuesday': '11:0-1:0', 'Wednesday': '11:0-1:0', 'Thursday': '11:0-3:0', 'Friday': '11:0-18:0', 'Saturday': '12:0-3:0', 'Sunday': '12:0-1:0'}"
UuRZpgZsHX7PyykHV3wbZg,Crushcakes & Cafe,1315 Anacapa St,Santa Barbara,CA,93101,34.4257198484,-119.7052413177,4,761,1,"{'BusinessParking': ""{'garage': False, 'street': True, 'validated': False, 'lot': False, 'valet': False}"", 'RestaurantsReservations': 'False', 'HasTV': 'False', 'RestaurantsAttire': ""u'casual'"", 'BikeParking': 'True', 'OutdoorSeating': 'True', 'Caters': 'True', 'RestaurantsPriceRange2': '2', 'GoodForKids': 'True', 'NoiseLevel': ""u'average'"", 'Alcohol': ""u'none'"", 'WiFi': ""u'free'"", 'BusinessAcceptsCreditCards': 'True', 'DriveThru': 'False', 'DogsAllowed': 'True', 'HappyHour': 'False', 'GoodForMeal': ""{'dessert': False, 'latenight': False, 'lunch': True, 'dinner': False, 'brunch': True, 'breakfast': True}"", 'RestaurantsDelivery': 'True', 'Ambience': ""{'touristy': False, 'hipster': False, 'romantic': False, 'divey': False, 'intimate': False, 'trendy': False, 'upscale': False, 'classy': True, 'casual': True}"", 'RestaurantsGoodForGroups': 'True', 'RestaurantsTakeOut': 'True'}","Bakeries, Cafes, Coffee & Tea, Food, Desserts, Breakfast & Brunch, Restaurants","{'Monday': '8:0-16:0', 'Tuesday': '8:0-16:0', 'Wednesday': '8:0-16:0', 'Thursday': '8:0-16:0', 'Friday': '8:0-16:0', 'Saturday': '8:0-16:0', 'Sunday': '8:0-16:0'}"
edDmC1Zcr5SVczbKBfiXqw,Montecito Village Grocery,1482 E Valley Rd,Santa Barbara,CA,93108,34.438242,-119.633683,3,25,1,"{'BusinessAcceptsCreditCards': 'True', 'BusinessParking': ""{'garage': False, 'street': False, 'validated': False, 'lot': True, 'valet': False}"", 'WheelchairAccessible': 'True', 'RestaurantsTakeOut': 'False', 'BikeParking': 'True', 'RestaurantsPriceRange2': '3'}","Specialty Food, Beer, Wine & Spirits, Grocery, Bakeries, Restaurants, Delis, Butcher, Food","{'Monday': '7:0-20:0', 'Tuesday': '7:0-20:0', 'Wednesday': '7:0-20:0', 'Thursday': '7:0-20:0', 'Friday': '7:0-20:0', 'Saturday': '7:0-20:0', 'Sunday': '7:0-20:0'}"
u9oG6CVhS9dJR5ZHS5q23A,The Little Things Bakery,2018 Cliff Dr,Santa Barbara,CA,93109,34.4021549,-119.7248996,4.5,127,1,"{'BusinessParking': ""{'garage': False, 'street': False, 'validated': False, 'lot': True, 'valet': False}"", 'RestaurantsPriceRange2': '2', 'Caters': 'True', 'RestaurantsDelivery': 'True', 'BusinessAcceptsBitcoin': 'False', 'NoiseLevel': ""u'quiet'"", 'BusinessAcceptsCreditCards': 'True', 'BikeParking': 'True', 'WheelchairAccessible': 'True', 'RestaurantsTakeOut': 'None', 'DogsAllowed': 'False'}","Patisserie/Cake Shop, French, Food, Restaurants, Bakeries, Cupcakes","{'Tuesday': '10:0-18:0', 'Wednesday': '10:0-18:0', 'Thursday': '10:0-18:0', 'Friday': '10:0-18:0', 'Saturday': '10:0-16:0'}"
Ss6f5v_t5Vddiaz4ZOxL0g,Andersen's Danish Bakery & Restaurant,1106 State St,Santa Barbara,CA,93101,34.422719,-119.703303,4,1106,1,"{'RestaurantsPriceRange2': '2', 'RestaurantsAttire': ""u'casual'"", 'OutdoorSeating': 'True', 'RestaurantsTakeOut': 'True', 'BusinessParking': ""{'garage': True, 'street': True, 'validated': False, 'lot': True, 'valet': False}"", 'RestaurantsDelivery': 'True', 'Alcohol': ""u'beer_and_wine'"", 'RestaurantsGoodForGroups': 'True', 'BikeParking': 'True', 'HasTV': 'False', 'NoiseLevel': ""u'average'"", 'Caters': 'True', 'GoodForKids': 'True', 'BusinessAcceptsCreditCards': 'True', 'WheelchairAccessible': 'True', 'HappyHour': 'True', 'RestaurantsTableService': 'False', 'ByAppointmentOnly': 'False', 'GoodForMeal': ""{'dessert': False, 'latenight': False, 'lunch': True, 'dinner': False, 'brunch': True, 'breakfast': True}"", 'DogsAllowed': 'True', 'RestaurantsReservations': 'False', 'Corkage': 'True', 'Ambience': ""{'touristy': False, 'hipster': False, 'romantic': False, 'divey': False, 'intimate': False, 'trendy': False, 'upscale': False, 'classy': True, 'casual': True}"", 'BusinessAcceptsBitcoin': 'False', 'WiFi': ""u'no'""}","Modern European, Nightlife, Bars, Restaurants, Bakeries, Wine Bars, Food, Scandinavian, Breakfast & Brunch","{'Monday': '9:0-18:0', 'Wednesday': '9:0-18:0', 'Thursday': '9:0-18:0', 'Friday': '9:0-18:0', 'Saturday': '9:0-18:0', 'Sunday': '9:0-18:0'}"
iQ_JNYzwvhSsToR4EHl4cA,Le Macaron French Pastries,819 A State St,Santa Barbara,CA,93101,34.419845,-119.7001905,4,52,0,"{'RestaurantsPriceRange2': '2', 'RestaurantsTakeOut': 'True', 'BusinessAcceptsCreditCards': 'True', 'OutdoorSeating': 'True', 'DogsAllowed': 'True', 'BusinessAcceptsBitcoin': 'False', 'BusinessParking': ""{'garage': True, 'street': False, 'validated': False, 'lot': False, 'valet': False}"", 'WheelchairAccessible': 'True', 'WiFi': ""u'free'"", 'Caters': 'True', 'BikeParking': 'True', 'RestaurantsDelivery': 'None'}","Patisserie/Cake Shop, Coffee & Tea, Food, Specialty Food, Bakeries, Macarons","{'Monday': '12:0-19:0', 'Tuesday': '12:0-19:0', 'Wednesday': '12:0-19:0', 'Thursday': '12:0-19:0', 'Friday': '12:0-19:0', 'Saturday': '12:0-20:0', 'Sunday': '12:0-19:0'}"
Y0izXh4Dv1_YU68tn43Xiw,Handlebar Coffee Roasters,2720 De La Vina St,Santa Barbara,CA,93105,34.4364214,-119.7255464,4.5,221,1,"{'OutdoorSeating': 'True', 'Caters': 'False', 'BusinessAcceptsCreditCards': 'True', 'WheelchairAccessible': 'True', 'BikeParking': 'True', 'Alcohol': ""'beer_and_wine'"", 'RestaurantsTakeOut': 'None', 'RestaurantsPriceRange2': '2', 'DogsAllowed': 'True', 'WiFi': ""'free'"", 'NoiseLevel': ""u'average'"", 'Music': ""{'dj': False, 'background_music': False, 'no_music': False, 'jukebox': False, 'live': False, 'video': False, 'karaoke': False}"", 'BusinessParking': ""{'garage': False, 'street': True, 'validated': False, 'lot': True, 'valet': False}"", 'GoodForKids': 'True', 'RestaurantsDelivery': 'False', 'Ambience': ""{'touristy': False, 'hipster': False, 'romantic': False, 'divey': False, 'intimate': False, 'trendy': False, 'upscale': False, 'classy': False, 'casual': False}""}","Bars, Food, Coffee & Tea, Nightlife, Wine Bars, Coffee Roasteries, Bakeries","{'Monday': '0:0-0:0', 'Tuesday': '7:0-13:0', 'Wednesday': '7:0-13:0', 'Thursday': '7:0-13:0', 'Friday': '7:0-13:0', 'Saturday': '7:0-13:0', 'Sunday': '7:0-13:0'}"
B1yPXzIIJrLWyTcE4jsYuQ,Goat Tree,36 State St,Santa Barbara,CA,93101,34.4134723455,-119.6906522184,3.5,311,1,"{'WheelchairAccessible': 'True', 'WiFi': ""u'free'"", 'OutdoorSeating': 'True', 'GoodForKids': 'True', 'Ambience': ""{'touristy': True, 'hipster': False, 'romantic': True, 'divey': False, 'intimate': False, 'trendy': True, 'upscale': False, 'classy': True, 'casual': True}"", 'NoiseLevel': ""u'average'"", 'Caters': 'False', 'BikeParking': 'True', 'HappyHour': 'True', 'BusinessAcceptsCreditCards': 'True', 'RestaurantsTakeOut': 'True', 'Alcohol': ""u'beer_and_wine'"", 'HasTV': 'False', 'RestaurantsDelivery': 'True', 'RestaurantsTableService': 'True', 'GoodForMeal': ""{'dessert': True, 'latenight': None, 'lunch': True, 'dinner': True, 'brunch': True, 'breakfast': True}"", 'DogsAllowed': 'True', 'RestaurantsPriceRange2': '2', 'BusinessParking': ""{'garage': True, 'street': False, 'validated': False, 'lot': False, 'valet': False}"", 'RestaurantsAttire': ""u'casual'"", 'RestaurantsReservations': 'True', 'RestaurantsGoodForGroups': 'True'}","Bakeries, Sandwiches, Food, Restaurants, American (Traditional)","{'Monday': '0:0-0:0', 'Tuesday': '7:0-20:0', 'Wednesday': '7:0-20:0', 'Thursday': '7:0-20:0', 'Friday': '7:0-20:0', 'Saturday': '7:0-20:0', 'Sunday': '7:0-20:0'}"
eA1-vRvk8eDf-nH9Ux_G_A,Whodelicious,"811 State St, Ste G",Santa Barbara,CA,93101,34.4196292,-119.7000654,3.5,41,0,"{'BusinessAcceptsCreditCards': 'True', 'BusinessParking': ""{'garage': True, 'street': False, 'validated': False, 'lot': False, 'valet': False}"", 'RestaurantsPriceRange2': '3'}","Candy Stores, Bakeries, Party & Event Planning, Event Planning & Services, Specialty Food, Food","{'Monday': '11:0-18:0', 'Tuesday': '11:0-18:0', 'Wednesday': '11:0-18:0', 'Thursday': '11:0-18:0', 'Friday': '11:0-18:0', 'Saturday': '11:0-18:0', 'Sunday': '11:0-17:0'}"
3tvi-OJ_-iK1ecjzSaH-oA,Hook And Press Donuts,15 East Figueroa St,Santa Barbara,CA,93101,34.4233020318,-119.7028496606,4.5,217,1,"{'BusinessAcceptsCreditCards': 'True', 'WheelchairAccessible': 'True', 'WiFi': ""u'free'"", 'Corkage': 'False', 'Alcohol': ""u'none'"", 'GoodForKids': 'True', 'DriveThru': 'False', 'OutdoorSeating': 'True', 'RestaurantsTakeOut': 'True', 'BYOB': 'False', 'RestaurantsPriceRange2': '1', 'DogsAllowed': 'True', 'BikeParking': 'True', 'HasTV': 'True', 'Caters': 'True', 'BusinessAcceptsBitcoin': 'False', 'BusinessParking': ""{'garage': False, 'street': True, 'validated': False, 'lot': True, 'valet': False}"", 'Ambience': ""{'touristy': False, 'hipster': False, 'romantic': False, 'divey': False, 'intimate': False, 'trendy': False, 'upscale': False, 'classy': True, 'casual': False}"", 'RestaurantsTableService': 'False', 'RestaurantsDelivery': 'True'}","Breakfast & Brunch, Coffee & Tea, Bakeries, Desserts, Donuts, Food, Restaurants","{'Monday': '0:0-0:0', 'Tuesday': '7:0-16:0', 'Wednesday': '7:0-16:0', 'Thursday': '7:0-16:0', 'Friday': '7:0-16:0', 'Saturday': '8:0-17:0', 'Sunday': '8:0-17:0'}"
PtaFDKkhxSjcXz6dVM0uLw,Deux Bakery,824 Reddick St,Santa Barbara,CA,93103,34.4253387,-119.6849868,4.5,48,1,"{'RestaurantsPriceRange2': '2', 'BikeParking': 'True', 'BusinessParking': ""{'garage': False, 'street': True, 'validated': False, 'lot': False, 'valet': False}"", 'BusinessAcceptsCreditCards': 'True', 'RestaurantsDelivery': 'True', 'RestaurantsTakeOut': 'None'}","Bakeries, Food, Desserts","{'Wednesday': '6:30-15:0', 'Thursday': '6:30-15:0', 'Friday': '6:30-15:0', 'Saturday': '6:30-15:0'}"
aZF_j037W3AhvKKbXGdIQw,Violette Bakeshop,,Santa Barbara,CA,93101,34.420334,-119.7107494,5,15,1,"{'Caters': 'True', 'BusinessAcceptsCreditCards': 'True', 'RestaurantsDelivery': 'True'}","Food, Bakeries",
tiSIiacOzflrMMwJEXVFIA,Dunkin',3771 State St,Santa Barbara,CA,93105,34.4402855669,-119.7457746372,3,93,0,"{'WheelchairAccessible': 'True', 'BikeParking': 'True', 'RestaurantsTakeOut': 'True', 'NoiseLevel': ""u'average'"", 'BusinessAcceptsCreditCards': 'True', 'WiFi': ""'free'"", 'Caters': 'True', 'RestaurantsPriceRange2': '1', 'RestaurantsDelivery': 'None', 'DriveThru': 'None', 'BusinessParking': ""{'garage': False, 'street': False, 'validated': False, 'lot': True, 'valet': False}"", 'OutdoorSeating': 'True'}","Bakeries, Coffee & Tea, Donuts, Food","{'Monday': '0:0-0:0', 'Tuesday': '5:0-21:0', 'Wednesday': '5:0-21:0', 'Thursday': '5:0-21:0', 'Friday': '5:0-21:0', 'Saturday': '5:0-18:0', 'Sunday': '6:0-20:0'}"
izSgTrqebu8bN8ONOCs6cQ,Oat Bakery,5 W Haley St,Santa Barbara,CA,93101,34.4165478074,-119.6956258296,5,123,1,"{'Alcohol': ""u'none'"", 'HasTV': 'False', 'BikeParking': 'True', 'Caters': 'True', 'BusinessAcceptsBitcoin': 'True', 'HappyHour': 'True', 'BusinessParking': ""{'garage': False, 'street': True, 'validated': False, 'lot': True, 'valet': False}"", 'DogsAllowed': 'True', 'OutdoorSeating': 'None', 'WheelchairAccessible': 'True', 'BusinessAcceptsCreditCards': 'True', 'RestaurantsTableService': 'True', 'BYOB': 'False', 'WiFi': ""u'no'"", 'RestaurantsDelivery': 'None', 'RestaurantsPriceRange2': '1', 'RestaurantsReservations': 'True', 'RestaurantsTakeOut': 'None'}","Bakeries, Vegan, Specialty Food, Food Delivery Services, Food, Coffee & Tea, Gluten-Free, Farmers Market, Restaurants, Organic Stores","{'Monday': '0:0-0:0', 'Tuesday': '9:0-18:0', 'Wednesday': '9:0-14:30', 'Thursday': '9:0-14:30', 'Friday': '9:0-14:30', 'Saturday': '9:0-14:30'}"
IRBhPAC4ZoDpXazpoB3epQ,Good Stuff Baked Treats,,Santa Barbara,CA,93101,34.420334,-119.7107494,5,9,1,"{'BikeParking': 'False', 'RestaurantsPriceRange2': '2', 'BusinessAcceptsCreditCards': 'True', 'WheelchairAccessible': 'False', 'RestaurantsTakeOut': 'True', 'Caters': 'True', 'BusinessParking': ""{'garage': False, 'street': False, 'validated': False, 'lot': False, 'valet': False}"", 'RestaurantsDelivery': 'True'}","Food, Food Delivery Services, Bakeries, Desserts, Event Planning & Services, Caterers","{'Monday': '0:0-0:0', 'Tuesday': '0:0-0:0', 'Wednesday': '0:0-0:0', 'Thursday': '0:0-0:0', 'Friday': '0:0-0:0', 'Saturday': '0:0-0:0', 'Sunday': '0:0-0:0'}"
